Tipo de Produto;Localidade;Quant 2013;Quant 2014;Quant 2015;Valor prod 2013;Valor prod 2014;Valor prod 2015
Alevinos;RO;7539;13816;36652;30130;36436;42237
Alevinos;AC;6632;7462;12155;1003;2168;3896
Alevinos;AM;12642;19169;25326;1540;2890;3161
Alevinos;RR;5000;1500;1000;960;270;220
Alevinos;PA;9632;17351;12465;1328;1694;1770
Alevinos;AP;231;252;291;26;28;33
Alevinos;TO;13510;12800;25780;1706;3375;3537
Alevinos;MA;29912;42301;39406;2965;3780;3810
Alevinos;PI;17555;18258;16058;1143;1313;1365
Alevinos;CE;54315;54640;56446;3762;4793;5915
Alevinos;RN;5121;5226;2714;137;120;81
Alevinos;PB;4233;7363;8602;380;815;1345
Alevinos;PE;7200;20621;22555;792;2628;2312
Alevinos;AL;3300;29502;29142;231;6080;4357
Alevinos;SE;16380;33905;21750;1292;2613;1674
Alevinos;BA;26429;26498;59200;2273;1941;5049
Alevinos;MG;49020;15670;30150;5596;2677;4641
Alevinos;ES;42390;26960;35279;6782;4521;4743
Alevinos;RJ;2156;2641;1394;272;316;159
Alevinos;SP;79612;98804;125221;7893;13499;23816
Alevinos;PR;220604;174734;215924;25798;19438;28689
Alevinos;SC;24300;38606;42649;3337;5719;6491
Alevinos;RS;17176;23036;21115;3769;5839;5275
Alevinos;MS;23298;23726;18188;5050;9276;4756
Alevinos;MT;62498;49287;44728;7461;18519;14294
Alevinos;GO;77912;57724;51109;13805;8041;8352
Alevinos;DF;253;310;315;15;12;13
Cachapira_e_pintachara;RO;1620800;263700;4233094;11832;2961;52147
Cachapira_e_pintachara;AC;88487;143527;335191;942;1467;3401
Cachapira_e_pintachara;AM;0;0;0;0;0;0
Cachapira_e_pintachara;RR;0;0;0;0;0;0
Cachapira_e_pintachara;PA;101460;117830;232623;1002;1203;2677
Cachapira_e_pintachara;AP;0;0;0;0;0;0
Cachapira_e_pintachara;TO;425609;1040124;994874;3169;12080;12259
Cachapira_e_pintachara;MA;45850;50732;64288;493;430;517
Cachapira_e_pintachara;PI;22472;57741;61889;226;747;868
Cachapira_e_pintachara;CE;6000;0;0;60;0;0
Cachapira_e_pintachara;RN;0;0;0;0;0;0
Cachapira_e_pintachara;PB;0;0;0;0;0;0
Cachapira_e_pintachara;PE;0;0;0;0;0;0
Cachapira_e_pintachara;AL;0;1700;1470;0;25;22
Cachapira_e_pintachara;SE;1142;62320;4910;14;750;67
Cachapira_e_pintachara;BA;177764;89752;87951;2382;1396;914
Cachapira_e_pintachara;MG;24400;14450;22210;298;182;270
Cachapira_e_pintachara;ES;3500;12600;10700;70;160;218
Cachapira_e_pintachara;RJ;1000;950;930;10;10;10
Cachapira_e_pintachara;SP;28930;29130;30410;660;306;295
Cachapira_e_pintachara;PR;132576;137040;146000;674;941;968
Cachapira_e_pintachara;SC;2178;8434;8422;27;53;73
Cachapira_e_pintachara;RS;3790;4090;4553;36;58;59
Cachapira_e_pintachara;MS;1335583;988766;494929;9953;7272;3590
Cachapira_e_pintachara;MT;11028212;16575491;11018776;86865;144982;109904
Cachapira_e_pintachara;GO;664964;838860;601358;8307;11063;8644
Cachapira_e_pintachara;DF;0;0;0;0;0;0
Camarao;RO;0;0;0;0;0;0
Camarao;AC;0;0;0;0;0;0
Camarao;AM;0;0;0;0;0;0
Camarao;RR;0;0;0;0;0;0
Camarao;PA;40000;42000;67000;320;420;737
Camarao;AP;0;0;0;0;0;0
Camarao;TO;0;0;0;0;0;0
Camarao;MA;50000;55000;84655;552;645;1083
Camarao;PI;3700974;3665613;3572253;42724;47653;48225
Camarao;CE;33949805;35391979;40717779;395178;394138;468061
Camarao;RN;16973918;18295251;17829519;223446;259541;282891
Camarao;PB;864000;933000;937900;9938;12104;14377
Camarao;PE;3241400;958600;944700;40715;14569;14921
Camarao;AL;0;260000;260000;0;3562;3900
Camarao;SE;2481140;2247550;2232133;24942;24084;27569
Camarao;BA;3008291;2784935;2806140;21419;29481;32924
Camarao;MG;14050;13220;13006;225;242;273
Camarao;ES;37940;67660;32960;1152;2183;1088
Camarao;RJ;5800;7086;9200;145;173;194
Camarao;SP;0;0;0;0;0;0
Camarao;PR;85000;125000;125000;1051;1638;1500
Camarao;SC;215000;180660;227500;3168;3226;4151
Camarao;RS;1500;0;0;41;0;0
Camarao;MS;0;0;0;0;0;0
Camarao;MT;0;0;0;0;0;0
Camarao;GO;0;0;0;0;0;0
Camarao;DF;0;0;0;0;0;0
Carpa;RO;0;0;0;0;0;0
Carpa;AC;0;0;0;0;0;0
Carpa;AM;0;0;0;0;0;0
Carpa;RR;0;0;0;0;0;0
Carpa;PA;800;880;0;6;7;0
Carpa;AP;0;0;0;0;0;0
Carpa;TO;0;0;0;0;0;0
Carpa;MA;0;0;1525;0;0;11
Carpa;PI;13200;5833;2920;95;44;26
Carpa;CE;5500;2380;0;26;12;0
Carpa;RN;9576;10213;9182;96;102;57
Carpa;PB;5000;2500;2300;25;16;18
Carpa;PE;0;17450;20200;0;146;185
Carpa;AL;10500;25200;50030;58;137;378
Carpa;SE;4900;5000;0;33;30;0
Carpa;BA;57941;60888;42400;291;346;333
Carpa;MG;120870;131158;94802;880;1000;753
Carpa;ES;12600;45900;29277;58;307;215
Carpa;RJ;24100;42994;38300;144;302;322
Carpa;SP;100700;100885;91331;882;718;661
Carpa;PR;2698949;2890428;2929681;11678;13042;14346
Carpa;SC;3550650;6091149;6473418;14298;28083;33625
Carpa;RS;12036433;11363115;10822223;70525;73726;80413
Carpa;MS;6700;17000;17850;23;93;94
Carpa;MT;0;839;5300;0;7;23
Carpa;GO;178441;72250;62450;1611;560;512
Carpa;DF;0;0;0;0;0;0
Curimbata_e_curimbatao;RO;603750;0;0;3461;0;0
Curimbata_e_curimbatao;AC;400214;681662;771008;2438;4673;6183
Curimbata_e_curimbatao;AM;266000;57100;39800;2206;465;357
Curimbata_e_curimbatao;RR;0;0;0;0;0;0
Curimbata_e_curimbatao;PA;32340;42578;57794;207;297;446
Curimbata_e_curimbatao;AP;0;0;0;0;0;0
Curimbata_e_curimbatao;TO;50979;52853;69700;280;298;408
Curimbata_e_curimbatao;MA;1179598;1318482;1404806;8646;10156;10973
Curimbata_e_curimbatao;PI;44415;21711;43575;349;172;364
Curimbata_e_curimbatao;CE;6800;0;0;17;0;0
Curimbata_e_curimbatao;RN;8424;9571;8557;50;66;39
Curimbata_e_curimbatao;PB;2000;2600;1000;10;25;10
Curimbata_e_curimbatao;PE;0;0;0;0;0;0
Curimbata_e_curimbatao;AL;7150;47248;28000;43;377;231
Curimbata_e_curimbatao;SE;0;0;0;0;0;0
Curimbata_e_curimbatao;BA;1860;3800;18000;19;38;144
Curimbata_e_curimbatao;MG;2700;2700;1718;17;18;15
Curimbata_e_curimbatao;ES;1430;4600;1000;16;28;7
Curimbata_e_curimbatao;RJ;6700;7500;3700;46;52;25
Curimbata_e_curimbatao;SP;12413;15575;15400;212;113;98
Curimbata_e_curimbatao;PR;67900;70680;37880;355;468;253
Curimbata_e_curimbatao;SC;4697;3101;4380;27;20;25
Curimbata_e_curimbatao;RS;2696;3615;2453;16;24;16
Curimbata_e_curimbatao;MS;1590;3000;3270;8;22;30
Curimbata_e_curimbatao;MT;59553;45453;36981;193;243;189
Curimbata_e_curimbatao;GO;10820;9300;5030;95;69;48
Curimbata_e_curimbatao;DF;0;0;0;0;0;0
Dourado;RO;0;0;0;0;0;0
Dourado;AC;0;0;0;0;0;0
Dourado;AM;0;0;0;0;0;0
Dourado;RR;0;0;0;0;0;0
Dourado;PA;0;0;0;0;0;0
Dourado;AP;0;0;0;0;0;0
Dourado;TO;0;0;0;0;0;0
Dourado;MA;0;0;0;0;0;0
Dourado;PI;0;0;0;0;0;0
Dourado;CE;0;0;0;0;0;0
Dourado;RN;0;0;0;0;0;0
Dourado;PB;0;0;0;0;0;0
Dourado;PE;0;0;0;0;0;0
Dourado;AL;0;0;5000;0;0;75
Dourado;SE;0;0;0;0;0;0
Dourado;BA;0;0;0;0;0;0
Dourado;MG;0;3100;0;0;50;0
Dourado;ES;0;0;0;0;0;0
Dourado;RJ;2500;2880;6100;14;29;74
Dourado;SP;6400;6315;5750;89;96;94
Dourado;PR;1100;11700;4100;14;165;56
Dourado;SC;396;1678;1926;4;14;17
Dourado;RS;7712;8570;7404;57;90;82
Dourado;MS;300;0;0;3;0;0
Dourado;MT;0;2061;0;0;21;0
Dourado;GO;120650;2120;1580;1750;31;22
Dourado;DF;0;0;0;0;0;0
Jatuarana_e_piracanjuba;RO;784000;0;5021675;4841;0;36678
Jatuarana_e_piracanjuba;AC;0;0;0;0;0;0
Jatuarana_e_piracanjuba;AM;0;0;0;0;0;0
Jatuarana_e_piracanjuba;RR;0;0;0;0;0;0
Jatuarana_e_piracanjuba;PA;1140;790;84450;8;5;676
Jatuarana_e_piracanjuba;AP;0;0;0;0;0;0
Jatuarana_e_piracanjuba;TO;2000;2300;3000;16;21;28
Jatuarana_e_piracanjuba;MA;0;0;0;0;0;0
Jatuarana_e_piracanjuba;PI;0;5829;5300;0;58;48
Jatuarana_e_piracanjuba;CE;0;0;0;0;0;0
Jatuarana_e_piracanjuba;RN;0;0;0;0;0;0
Jatuarana_e_piracanjuba;PB;0;0;0;0;0;0
Jatuarana_e_piracanjuba;PE;0;0;0;0;0;0
Jatuarana_e_piracanjuba;AL;0;0;0;0;0;0
Jatuarana_e_piracanjuba;SE;0;0;0;0;0;0
Jatuarana_e_piracanjuba;BA;0;0;0;0;0;0
Jatuarana_e_piracanjuba;MG;3000;1700;1200;27;16;12
Jatuarana_e_piracanjuba;ES;0;0;0;0;0;0
Jatuarana_e_piracanjuba;RJ;0;0;0;0;0;0
Jatuarana_e_piracanjuba;SP;6220;5325;5025;69;62;58
Jatuarana_e_piracanjuba;PR;0;0;0;0;0;0
Jatuarana_e_piracanjuba;SC;2271;3504;7820;23;18;36
Jatuarana_e_piracanjuba;RS;50;0;0;0;0;0
Jatuarana_e_piracanjuba;MS;0;0;0;0;0;0
Jatuarana_e_piracanjuba;MT;52521;232815;192097;314;1445;1413
Jatuarana_e_piracanjuba;GO;4000;3200;0;19;16;0
Jatuarana_e_piracanjuba;DF;0;0;0;0;0;0
Lambari;RO;800;0;0;10;0;0
Lambari;AC;500;0;0;2;0;0
Lambari;AM;0;0;0;0;0;0
Lambari;RR;0;0;0;0;0;0
Lambari;PA;200;5000;4590;0;59;60
Lambari;AP;0;0;0;0;0;0
Lambari;TO;3513;3800;3700;18;19;20
Lambari;MA;0;0;0;0;0;0
Lambari;PI;0;0;0;0;0;0
Lambari;CE;0;0;0;0;0;0
Lambari;RN;0;0;0;0;0;0
Lambari;PB;0;0;0;0;0;0
Lambari;PE;0;0;0;0;0;0
Lambari;AL;0;0;0;0;0;0
Lambari;SE;0;0;0;0;0;0
Lambari;BA;0;0;0;0;0;0
Lambari;MG;41070;64851;8901;233;517;55
Lambari;ES;1740;1100;1100;37;17;20
Lambari;RJ;1200;650;600;12;4;5
Lambari;SP;74041;83340;88532;480;742;654
Lambari;PR;18820;9420;10155;98;31;34
Lambari;SC;8171;5629;9730;57;38;71
Lambari;RS;61272;56516;70912;318;313;417
Lambari;MS;0;0;0;0;0;0
Lambari;MT;10130;16186;42750;10;162;265
Lambari;GO;34178;24420;3760;322;170;38
Lambari;DF;0;0;0;0;0;0
Larvas;RO;0;0;0;0;0;0
Larvas;AC;0;0;0;0;0;0
Larvas;AM;0;0;0;0;0;0
Larvas;RR;0;0;0;0;0;0
Larvas;PA;0;0;3350;0;0;342
Larvas;AP;0;0;0;0;0;0
Larvas;TO;0;0;0;0;0;0
Larvas;MA;0;0;0;0;0;0
Larvas;PI;435000;716000;674100;2610;5012;4719
Larvas;CE;1732000;2985436;8550966;11726;22241;75943
Larvas;RN;8898286;9917343;7646200;60832;71197;62899
Larvas;PB;100000;81300;85000;500;556;680
Larvas;PE;0;12096;13296;0;1028;295
Larvas;AL;0;0;0;0;0;0
Larvas;SE;0;7440;63320;0;56;475
Larvas;BA;6755;2903;2036;44;19;16
Larvas;MG;0;0;0;0;0;0
Larvas;ES;2026;3500;3410;143;195;204
Larvas;RJ;2300;2240;2350;162;157;118
Larvas;SP;2400;300;0;204;26;0
Larvas;PR;0;0;0;0;0;0
Larvas;SC;0;0;0;0;0;0
Larvas;RS;0;0;0;0;0;0
Larvas;MS;0;0;0;0;0;0
Larvas;MT;0;0;0;0;0;0
Larvas;GO;0;0;0;0;0;0
Larvas;DF;0;0;0;0;0;0
Matrinxa;RO;0;0;0;0;0;0
Matrinxa;AC;78654;194905;185079;600;1791;1687
Matrinxa;AM;3142200;8439410;7943283;23010;68611;61307
Matrinxa;RR;483995;424529;110000;1936;2972;880
Matrinxa;PA;63130;74476;104796;588;787;1193
Matrinxa;AP;0;0;0;0;0;0
Matrinxa;TO;461941;702199;556780;2310;4821;4337
Matrinxa;MA;0;0;0;0;0;0
Matrinxa;PI;0;2791;2850;0;28;25
Matrinxa;CE;0;0;0;0;0;0
Matrinxa;RN;0;0;0;0;0;0
Matrinxa;PB;0;0;0;0;0;0
Matrinxa;PE;0;0;0;0;0;0
Matrinxa;AL;0;0;600;0;0;4
Matrinxa;SE;541800;139040;11930;2438;832;76
Matrinxa;BA;0;1500;300;0;15;4
Matrinxa;MG;45330;40733;36759;387;338;321
Matrinxa;ES;1000;900;0;15;14;0
Matrinxa;RJ;1400;1285;1500;10;9;14
Matrinxa;SP;24930;25815;12115;177;218;121
Matrinxa;PR;1500;3000;3100;11;32;36
Matrinxa;SC;1088;2115;1900;12;18;17
Matrinxa;RS;0;0;0;0;0;0
Matrinxa;MS;0;1500;2100;0;13;23
Matrinxa;MT;286776;463616;328461;2413;4840;2801
Matrinxa;GO;352509;199930;64650;2397;1537;490
Matrinxa;DF;0;0;0;0;0;0
Ostras;RO;0;0;0;0;0;0
Ostras;AC;0;0;0;0;0;0
Ostras;AM;0;0;0;0;0;0
Ostras;RR;0;0;0;0;0;0
Ostras;PA;8250;42600;38240;50;421;216
Ostras;AP;0;0;0;0;0;0
Ostras;TO;0;0;0;0;0;0
Ostras;MA;0;6000;6200;0;102;93
Ostras;PI;0;0;0;0;0;0
Ostras;CE;0;0;0;0;0;0
Ostras;RN;9220;0;0;74;0;0
Ostras;PB;204;0;0;2;0;0
Ostras;PE;0;0;0;0;0;0
Ostras;AL;13650;61200;51700;68;305;314
Ostras;SE;0;0;970;0;0;7
Ostras;BA;64395;71278;60710;783;921;794
Ostras;MG;0;0;0;0;0;0
Ostras;ES;0;0;0;0;0;0
Ostras;RJ;92850;100679;75032;1032;1452;1771
Ostras;SP;88280;98500;113225;1289;1050;1359
Ostras;PR;266262;48520;55558;2668;519;594
Ostras;SC;18816600;21654000;20662060;52081;88486;81617
Ostras;RS;0;0;0;0;0;0
Ostras;MS;0;0;0;0;0;0
Ostras;MT;0;0;0;0;0;0
Ostras;GO;0;0;0;0;0;0
Ostras;DF;0;0;0;0;0;0
Outros;RR;0;0;0;0;0;0
Outros;PA;0;0;0;0;0;0
Outros;AP;0;0;0;0;0;0
Outros;TO;0;0;0;0;0;0
Outros;MA;0;0;0;0;0;0
Outros;PI;0;0;0;0;0;0
Outros;CE;0;0;0;0;0;0
Outros;RN;0;0;0;0;0;0
Outros;PB;0;0;0;0;0;0
Outros;PE;0;0;0;0;0;0
Outros;AL;0;0;0;140;400;200
Outros;SE;0;0;0;0;0;0
Outros;BA;0;0;0;0;324;0
Outros;MG;0;0;0;0;0;0
Outros;ES;0;0;0;66;108;35
Outros;RJ;0;0;0;1054;938;647
Outros;SP;0;0;0;1170;404;238
Outros;PR;0;0;0;1438;0;0
Outros;SC;0;0;0;0;0;100
Outros;RS;0;0;0;2;3;0
Outros;MS;0;0;0;0;0;0
Outros;MT;0;0;0;41;174;601
Outros;GO;0;0;0;375;405;435
Outros;DF;0;0;0;0;0;0
Outros;RO;0;0;0;0;0;0
Outros;AC;0;0;0;0;0;0
Outros;AM;0;0;0;0;0;0
Outros_peixes;RO;0;0;0;0;0;0
Outros_peixes;AC;78483;0;0;496;0;0
Outros_peixes;AM;0;0;0;0;0;0
Outros_peixes;RR;0;0;0;0;0;0
Outros_peixes;PA;0;110;70;0;1;0
Outros_peixes;AP;0;0;0;0;0;0
Outros_peixes;TO;8800;4100;0;40;35;0
Outros_peixes;MA;0;2000;1000;0;16;8
Outros_peixes;PI;640;12956;10990;5;147;121
Outros_peixes;CE;0;0;0;0;0;0
Outros_peixes;RN;0;0;0;0;0;0
Outros_peixes;PB;0;0;0;0;0;0
Outros_peixes;PE;0;0;0;0;0;0
Outros_peixes;AL;8600;400;0;49;2;0
Outros_peixes;SE;4760;4395;4647;41;40;39
Outros_peixes;BA;0;0;0;0;0;0
Outros_peixes;MG;5210;12200;176525;52;74;1349
Outros_peixes;ES;483;13382;7885;5;98;57
Outros_peixes;RJ;300;6000;15000;4;180;525
Outros_peixes;SP;115115;64285;66170;1126;1680;1871
Outros_peixes;PR;516590;544252;490241;2081;2433;2493
Outros_peixes;SC;624076;988434;1019707;3613;5920;6266
Outros_peixes;RS;759037;717253;644203;4515;4623;4516
Outros_peixes;MS;295351;355650;377522;1635;2173;2416
Outros_peixes;MT;147844;153710;83350;816;865;476
Outros_peixes;GO;604670;300;44800;5106;3;475
Outros_peixes;DF;0;0;0;0;0;0
Pacu_e_patinga;RO;40000;5000;2651942;180;44;24609
Pacu_e_patinga;AC;15391;65191;19812;94;435;156
Pacu_e_patinga;AM;0;0;0;0;0;0
Pacu_e_patinga;RR;0;0;0;0;0;0
Pacu_e_patinga;PA;71140;78135;204529;565;802;1851
Pacu_e_patinga;AP;0;0;0;0;0;0
Pacu_e_patinga;TO;717481;1490175;1203310;4017;9851;9513
Pacu_e_patinga;MA;385961;415644;548148;2162;2608;3540
Pacu_e_patinga;PI;4400;550;2000;27;4;16
Pacu_e_patinga;CE;0;0;0;0;0;0
Pacu_e_patinga;RN;0;0;0;0;0;0
Pacu_e_patinga;PB;2000;0;0;12;0;0
Pacu_e_patinga;PE;0;0;0;0;0;0
Pacu_e_patinga;AL;0;0;2000;0;0;34
Pacu_e_patinga;SE;0;0;0;0;0;0
Pacu_e_patinga;BA;1500;4200;0;13;33;0
Pacu_e_patinga;MG;139425;141480;107195;956;976;873
Pacu_e_patinga;ES;11630;40257;23010;160;384;257
Pacu_e_patinga;RJ;5300;5856;6180;34;41;46
Pacu_e_patinga;SP;1489360;1749348;1572795;9152;11400;9525
Pacu_e_patinga;PR;1937589;1898830;1926048;9495;10383;11299
Pacu_e_patinga;SC;127132;85681;94870;611;504;671
Pacu_e_patinga;RS;108841;89816;83007;747;681;724
Pacu_e_patinga;MS;791010;943140;645784;4305;4993;3989
Pacu_e_patinga;MT;3205984;3002585;2468561;18916;21439;18986
Pacu_e_patinga;GO;4598757;4537181;1717108;26180;32496;14759
Pacu_e_patinga;DF;0;0;0;0;0;0
Piau_e_piapara;RO;59000;2000;0;264;13;0
Piau_e_piapara;AC;442752;629914;764388;3440;5553;6535
Piau_e_piapara;AM;33000;37000;23000;318;355;214
Piau_e_piapara;RR;0;0;0;0;0;0
Piau_e_piapara;PA;68480;90152;132142;447;813;1305
Piau_e_piapara;AP;0;0;0;0;0;0
Piau_e_piapara;TO;60679;459672;306393;350;3080;1617
Piau_e_piapara;MA;226436;268945;292518;2010;2414;2469
Piau_e_piapara;PI;51526;39187;30675;418;332;262
Piau_e_piapara;CE;2800;0;0;7;0;0
Piau_e_piapara;RN;10;11;9;0;0;0
Piau_e_piapara;PB;0;0;0;0;0;0
Piau_e_piapara;PE;2692;0;0;8;0;0
Piau_e_piapara;AL;5380;2100;3000;29;11;15
Piau_e_piapara;SE;0;0;0;0;0;0
Piau_e_piapara;BA;1000;1000;0;10;10;0
Piau_e_piapara;MG;117320;112535;76196;843;835;631
Piau_e_piapara;ES;1500;2400;2100;8;15;14
Piau_e_piapara;RJ;2480;2800;5000;13;22;45
Piau_e_piapara;SP;118980;108341;94040;797;765;609
Piau_e_piapara;PR;181600;164795;127590;929;866;715
Piau_e_piapara;SC;15503;13448;18722;118;102;145
Piau_e_piapara;RS;45696;96790;45626;347;645;493
Piau_e_piapara;MS;144354;6050;36852;732;51;266
Piau_e_piapara;MT;244773;450577;638604;1562;2941;4631
Piau_e_piapara;GO;1967402;1946390;576250;12980;16591;4580
Piau_e_piapara;DF;0;0;0;0;0;0
Pirapitinga;RO;600000;0;0;3870;0;0
Pirapitinga;AC;839298;994282;939482;4818;6455;6385
Pirapitinga;AM;59100;63618;62110;585;622;600
Pirapitinga;RR;0;0;0;0;0;0
Pirapitinga;PA;61500;518246;552245;425;3206;3763
Pirapitinga;AP;59459;65510;85371;362;418;545
Pirapitinga;TO;26500;29300;37600;159;283;401
Pirapitinga;MA;16145;2355;7535;106;15;53
Pirapitinga;PI;10550;2900;350;69;21;4
Pirapitinga;CE;0;0;0;0;0;0
Pirapitinga;RN;0;0;0;0;0;0
Pirapitinga;PB;0;0;0;0;0;0
Pirapitinga;PE;0;0;0;0;0;0
Pirapitinga;AL;0;0;0;0;0;0
Pirapitinga;SE;0;0;0;0;0;0
Pirapitinga;BA;6000;0;0;54;0;0
Pirapitinga;MG;2000;12000;0;14;90;0
Pirapitinga;ES;0;0;0;0;0;0
Pirapitinga;RJ;200;0;0;2;0;0
Pirapitinga;SP;0;0;0;0;0;0
Pirapitinga;PR;0;0;0;0;0;0
Pirapitinga;SC;866;1005;900;9;5;5
Pirapitinga;RS;0;0;0;0;0;0
Pirapitinga;MS;0;0;0;0;0;0
Pirapitinga;MT;2895032;2634146;1462112;16075;19106;11158
Pirapitinga;GO;189250;275340;332480;1292;1853;2369
Pirapitinga;DF;0;0;0;0;0;0
Pirarucu;RO;1955660;11129744;7688795;16864;109405;75404
Pirarucu;AC;48188;36095;82748;589;680;1087
Pirarucu;AM;0;125000;103000;0;1364;967
Pirarucu;RR;0;0;0;0;0;0
Pirarucu;PA;33800;136800;172584;617;1928;2754
Pirarucu;AP;3004;3492;4482;48;58;75
Pirarucu;TO;0;93550;97785;0;1236;1505
Pirarucu;MA;16300;32350;32968;188;414;592
Pirarucu;PI;0;250;278;0;3;3
Pirarucu;CE;0;0;0;0;0;0
Pirarucu;RN;0;0;0;0;0;0
Pirarucu;PB;400;450;500;10;11;13
Pirarucu;PE;0;0;0;0;0;0
Pirarucu;AL;0;0;25;0;0;0
Pirarucu;SE;280;295;250;4;5;5
Pirarucu;BA;77490;78280;86200;1176;1313;1197
Pirarucu;MG;10000;8500;300;95;102;3
Pirarucu;ES;6100;9270;4720;122;200;128
Pirarucu;RJ;0;0;0;0;0;0
Pirarucu;SP;0;0;0;0;0;0
Pirarucu;PR;75000;8000;8000;291;44;43
Pirarucu;SC;0;0;0;0;0;0
Pirarucu;RS;0;0;0;0;0;0
Pirarucu;MS;0;0;0;0;0;0
Pirarucu;MT;3272;57774;61870;49;829;879
Pirarucu;GO;71500;43000;42203;1538;1080;1113
Pirarucu;DF;0;0;0;0;0;0
Sementes_de_moluscos;RO;0;0;0;0;0;0
Sementes_de_moluscos;AC;0;0;0;0;0;0
Sementes_de_moluscos;AM;0;0;0;0;0;0
Sementes_de_moluscos;RR;0;0;0;0;0;0
Sementes_de_moluscos;PA;900;1000;2550;27;100;263
Sementes_de_moluscos;AP;0;0;0;0;0;0
Sementes_de_moluscos;TO;0;0;0;0;0;0
Sementes_de_moluscos;MA;0;0;0;0;0;0
Sementes_de_moluscos;PI;0;0;0;0;0;0
Sementes_de_moluscos;CE;0;0;0;0;0;0
Sementes_de_moluscos;RN;0;0;0;0;0;0
Sementes_de_moluscos;PB;0;0;0;0;0;0
Sementes_de_moluscos;PE;0;0;0;0;0;0
Sementes_de_moluscos;AL;0;0;0;0;0;0
Sementes_de_moluscos;SE;0;0;0;0;0;0
Sementes_de_moluscos;BA;0;0;0;0;0;0
Sementes_de_moluscos;MG;0;0;0;0;0;0
Sementes_de_moluscos;ES;0;0;0;0;0;0
Sementes_de_moluscos;RJ;4140;6860;3370;414;686;438
Sementes_de_moluscos;SP;0;0;0;0;0;0
Sementes_de_moluscos;PR;0;0;0;0;0;0
Sementes_de_moluscos;SC;61916;58820;60584;872;971;1121
Sementes_de_moluscos;RS;0;0;0;0;0;0
Sementes_de_moluscos;MS;0;0;0;0;0;0
Sementes_de_moluscos;MT;0;0;0;0;0;0
Sementes_de_moluscos;GO;0;0;0;0;0;0
Sementes_de_moluscos;DF;0;0;0;0;0;0
Tambacu_e_tambatinga;RO;576700;364416;95200;4000;3092;821
Tambacu_e_tambatinga;AC;266698;396255;299324;1437;2308;2101
Tambacu_e_tambatinga;AM;0;0;0;0;0;0
Tambacu_e_tambatinga;RR;0;0;0;0;0;0
Tambacu_e_tambatinga;PA;1590717;2263758;2938597;10807;16109;22075
Tambacu_e_tambatinga;AP;96024;108829;132336;628;741;913
Tambacu_e_tambatinga;TO;547807;1181179;1040185;3119;8162;8186
Tambacu_e_tambatinga;MA;5364984;5756314;5681677;31587;34587;35280
Tambacu_e_tambatinga;PI;168780;275114;336564;1150;1841;2463
Tambacu_e_tambatinga;CE;0;0;0;0;0;0
Tambacu_e_tambatinga;RN;0;0;0;0;0;0
Tambacu_e_tambatinga;PB;0;0;0;0;0;0
Tambacu_e_tambatinga;PE;300;0;0;3;0;0
Tambacu_e_tambatinga;AL;0;0;0;0;0;0
Tambacu_e_tambatinga;SE;82900;20480;4800;497;103;32
Tambacu_e_tambatinga;BA;1361955;1210200;1455635;6707;6353;9293
Tambacu_e_tambatinga;MG;120853;154985;150230;824;1052;1154
Tambacu_e_tambatinga;ES;63550;95500;35000;632;930;369
Tambacu_e_tambatinga;RJ;57100;65776;59425;298;354;383
Tambacu_e_tambatinga;SP;10000;144100;43135;83;1060;306
Tambacu_e_tambatinga;PR;126543;142750;124920;853;919;855
Tambacu_e_tambatinga;SC;41354;39100;33149;190;201;160
Tambacu_e_tambatinga;RS;0;950;0;0;10;0
Tambacu_e_tambatinga;MS;254541;430450;357368;1403;2499;2363
Tambacu_e_tambatinga;MT;47391390;24167748;22447272;214191;146225;159175
Tambacu_e_tambatinga;GO;2341176;3448653;2208541;14447;24430;17463
Tambacu_e_tambatinga;DF;0;0;0;0;0;0
Tambaqui;RO;18880021;63256285;64800736;77727;264934;375851
Tambaqui;AC;1518521;2064274;2587696;8924;13409;17457
Tambaqui;AM;11563840;13805010;14450200;72735;100894;100112
Tambaqui;RR;15649716;13726996;10868220;78249;78244;75050
Tambaqui;PA;2849866;8233078;9098068;19653;55995;68201
Tambaqui;AP;269801;303075;379056;2104;2406;2830
Tambaqui;TO;4937163;4522165;4558260;27701;31654;34689
Tambaqui;MA;8917519;9479896;10382887;51933;59870;69647
Tambaqui;PI;4558551;5726757;6095944;30836;40602;46009
Tambaqui;CE;13500;12990;7000;67;77;56
Tambaqui;RN;95860;114065;39465;483;557;210
Tambaqui;PB;6900;9360;8100;43;69;63
Tambaqui;PE;0;48150;69700;0;413;603
Tambaqui;AL;308550;692938;654672;1850;4204;4252
Tambaqui;SE;3410832;3753355;2464654;20443;18248;12292
Tambaqui;BA;969906;821905;912321;4635;4474;6984
Tambaqui;MG;238208;223334;161690;1824;1763;1200
Tambaqui;ES;53000;64450;38000;414;549;413
Tambaqui;RJ;43500;46065;33460;262;302;271
Tambaqui;SP;369900;160201;81136;1644;1169;578
Tambaqui;PR;1000;1500;2160;7;13;20
Tambaqui;SC;780;400;400;5;1;2
Tambaqui;RS;0;1050;0;0;11;0
Tambaqui;MS;44127;93668;74300;214;440;386
Tambaqui;MT;9734447;9671994;6777782;47003;57463;43910
Tambaqui;GO;4282994;2799566;1312073;30595;20748;10306
Tambaqui;DF;0;0;0;0;0;0
Tilapia;RO;8000;2000;0;51;15;0
Tilapia;AC;82112;171667;85011;492;1057;612
Tilapia;AM;0;0;0;0;0;0
Tilapia;RR;0;0;0;0;0;0
Tilapia;PA;173427;335035;384014;1181;2600;3297
Tilapia;AP;23311;24931;44675;136;154;273
Tilapia;TO;6700;20200;14000;44;164;120
Tilapia;MA;773596;813952;917662;6665;7082;7481
Tilapia;PI;599664;1536728;1605059;4160;10944;12439
Tilapia;CE;30634375;36275237;27889101;169180;214372;171298
Tilapia;RN;2229848;2242679;2436215;17977;15831;17362
Tilapia;PB;951660;1482538;2245169;5873;9694;15750
Tilapia;PE;3094328;4667257;6510557;17102;26712;38537
Tilapia;AL;248620;1832420;2003112;1473;9855;11387
Tilapia;SE;1373749;625761;534457;7680;3781;3524
Tilapia;BA;8197425;7962822;8823321;38618;36339;47151
Tilapia;MG;14329045;16187166;20571604;70344;88941;136079
Tilapia;ES;6289149;7640003;6506752;25181;38659;34487
Tilapia;RJ;887350;998330;1003057;5649;7050;7366
Tilapia;SP;24329347;24854040;29001813;100564;108064;141727
Tilapia;PR;44747940;51082709;63065594;169547;207551;295639
Tilapia;SC;16472078;23177222;25099479;56433;92384;121611
Tilapia;RS;2329862;2538072;2802640;14569;16993;22575
Tilapia;MS;2793927;2122142;4772689;11943;7734;21864
Tilapia;MT;559470;3466953;1871186;3480;15944;10563
Tilapia;GO;7371028;7368350;8655295;33907;35928;46057
Tilapia;DF;800000;2520000;2486744;4000;11340;10444
Trairas;RO;0;0;0;0;0;0
Trairas;AC;4680;23239;2244;16;117;10
Trairas;AM;0;0;0;0;0;0
Trairas;RR;0;0;0;0;0;0
Trairas;PA;930;2997;2840;4;11;15
Trairas;AP;0;0;0;0;0;0
Trairas;TO;8148;9274;9433;45;56;61
Trairas;MA;0;0;100;0;0;1
Trairas;PI;0;3852;2950;0;27;21
Trairas;CE;900;600;0;3;4;0
Trairas;RN;9334;9936;8816;55;96;56
Trairas;PB;0;0;0;0;0;0
Trairas;PE;16480;25000;25000;82;275;275
Trairas;AL;10800;31500;12500;52;155;63
Trairas;SE;0;0;0;0;0;0
Trairas;BA;890;5820;64250;5;52;541
Trairas;MG;26500;26337;9353;319;321;89
Trairas;ES;4000;4300;3585;34;43;53
Trairas;RJ;7170;7862;15080;46;60;177
Trairas;SP;28030;30000;29732;414;235;338
Trairas;PR;635917;373237;388444;2547;1619;1870
Trairas;SC;41953;228273;243568;220;1637;1801
Trairas;RS;320180;316806;305528;2452;2647;2934
Trairas;MS;0;0;60;0;0;1
Trairas;MT;0;278;85;0;2;1
Trairas;GO;39580;25000;5600;317;210;56
Trairas;DF;0;0;0;0;0;0
Truta;RO;0;0;0;0;0;0
Truta;AC;0;0;0;0;0;0
Truta;AM;0;0;0;0;0;0
Truta;RR;0;0;0;0;0;0
Truta;PA;0;0;0;0;0;0
Truta;AP;0;0;0;0;0;0
Truta;TO;0;0;0;0;0;0
Truta;MA;0;0;0;0;0;0
Truta;PI;0;0;0;0;0;0
Truta;CE;0;0;0;0;0;0
Truta;RN;0;0;0;0;0;0
Truta;PB;0;0;0;0;0;0
Truta;PE;0;0;0;0;0;0
Truta;AL;0;0;0;0;0;0
Truta;SE;0;0;0;0;0;0
Truta;BA;0;0;0;0;0;0
Truta;MG;503116;669430;769780;6948;9313;13873
Truta;ES;40000;13200;4800;760;290;106
Truta;RJ;62700;56830;81050;890;862;1393
Truta;SP;0;4000;4200;0;48;63
Truta;PR;100;2120;130;0;11;1
Truta;SC;347100;953746;725750;2021;11356;7776
Truta;RS;4000;4280;4300;21;24;23
Truta;MS;0;0;0;0;0;0
Truta;MT;0;0;0;0;0;0
Truta;GO;0;0;0;0;0;0
Truta;DF;0;0;0;0;0;0
Tucunare;RO;12000;0;0;48;0;0
Tucunare;AC;0;0;0;0;0;0
Tucunare;AM;0;0;15000;0;0;45
Tucunare;RR;0;0;0;0;0;0
Tucunare;PA;6350;6250;8710;52;72;106
Tucunare;AP;0;0;0;0;0;0
Tucunare;TO;2058;2400;2500;12;26;30
Tucunare;MA;0;500;500;0;2;3
Tucunare;PI;0;0;0;0;0;0
Tucunare;CE;0;0;0;0;0;0
Tucunare;RN;3206;3758;3911;20;26;30
Tucunare;PB;10500;9550;8480;89;80;68
Tucunare;PE;0;0;0;0;0;0
Tucunare;AL;0;0;0;0;0;0
Tucunare;SE;0;0;200;0;0;1
Tucunare;BA;0;0;12000;0;0;96
Tucunare;MG;13000;850;0;114;9;0
Tucunare;ES;0;1175;1261;0;19;18
Tucunare;RJ;8200;8700;8200;50;59;61
Tucunare;SP;1000;1000;0;10;10;0
Tucunare;PR;0;0;300;0;0;2
Tucunare;SC;0;0;0;0;0;0
Tucunare;RS;0;0;0;0;0;0
Tucunare;MS;0;0;0;0;0;0
Tucunare;MT;10120;3918;2703;101;28;17
Tucunare;GO;80833;25800;4200;839;309;52
Tucunare;DF;0;0;0;0;0;0
